Year,SERIES,UNIT_MEASURE,Value
2018,SG_PLN_REPOLRES,PT,33.8574563463529
2018,SG_PLN_RECNDI,PT,53.42465639114371
2018,SG_PLN_RECRICTRY,PT,22.897727787494603
2018,SG_PLN_RECRIMON,PT,25.2499848604202
