Year,Value,UNIT_MEASURE,SERIES
2018,33.8574563463529,PT,SG_PLN_REPOLRES
2018,53.42465639114371,PT,SG_PLN_RECNDI
2018,22.897727787494603,PT,SG_PLN_RECRICTRY
2018,25.2499848604202,PT,SG_PLN_RECRIMON
