{"data":{"Year":[2011,2013,2015,2017],"Units":["%","%","%","%"],"Value":[0.00002,0.00002,0.00001,0.00001]},"edges":[]}