Year,Units,Value
2000,INDEX,0.90047
2001,INDEX,0.90038
2002,INDEX,0.90028
2003,INDEX,0.90021
2004,INDEX,0.90024
2005,INDEX,0.90028
2006,INDEX,0.90028
2007,INDEX,0.90035
2008,INDEX,0.90039
2009,INDEX,0.90042
2010,INDEX,0.90045
2011,INDEX,0.90049
2012,INDEX,0.90053
2013,INDEX,0.90057
2014,INDEX,0.90062
2015,INDEX,0.90064
2016,INDEX,0.90067
2017,INDEX,0.9007
2018,INDEX,0.90074
2019,INDEX,0.9008
2020,INDEX,0.90081