Year,Units,Value
2011,%,0.00002
2013,%,0.00002
2015,%,0.00001
2017,%,0.00001